{"name":null,"assets":"aoy4:pathy18:assets%2Farrow.pngy4:sizei3280y4:typey5:IMAGEy2:idR1y7:preloadtgoR0y19:assets%2Farrows.pngR2i22747R3R4R5R7R6tgoR2i319261R3y5:SOUNDR5y16:assets%2Fbgm.oggy9:pathGroupaR9hR6tgoR0y18:assets%2Fblock.pngR2i1710R3R4R5R11R6tgoR0y19:assets%2Fbutton.pngR2i2551R3R4R5R12R6tgoR0y20:assets%2Fbutton1.pngR2i2398R3R4R5R13R6tgoR2i8133R3R8R5y21:assets%2FbuttonOn.oggR10aR14hR6tgoR2i10751R3R8R5y23:assets%2FdoorUnlock.oggR10aR15y23:assets%2FdoorUnlock.wavhR6tgoR2i91764R3R8R5R16R10aR15R16hgoR0y18:assets%2Fflash.pngR2i2858R3R4R5R17R6tgoR0y19:assets%2Fhealth.pngR2i984R3R4R5R18R6tgoR0y22:assets%2Fhighlight.pngR2i7975R3R4R5R19R6tgoR2i10718R3R8R5y22:assets%2FintoWater.oggR10aR20hR6tgoR0y22:assets%2Finventory.pngR2i7166R3R4R5R21R6tgoR0y17:assets%2Fkey1.pngR2i717R3R4R5R22R6tgoR0y18:assets%2Flasso.pngR2i5443R3R4R5R23R6tgoR2i14878R3R8R5y23:assets%2FlassoShoot.oggR10aR24y23:assets%2FlassoShoot.wavhR6tgoR2i122632R3R8R5R25R10aR24R25hgoR0y19:assets%2Flevel0.tmxR2i4545R3y4:TEXTR5R26R6tgoR0y19:assets%2Flevel1.tmxR2i8308R3R27R5R28R6tgoR0y20:assets%2Flevel10.tmxR2i8401R3R27R5R29R6tgoR0y20:assets%2Flevel11.tmxR2i8955R3R27R5R30R6tgoR0y20:assets%2Flevel12.tmxR2i6883R3R27R5R31R6tgoR0y20:assets%2Flevel13.tmxR2i10477R3R27R5R32R6tgoR0y20:assets%2Flevel14.tmxR2i25558R3R27R5R33R6tgoR0y20:assets%2Flevel15.tmxR2i12677R3R27R5R34R6tgoR0y20:assets%2Flevel16.tmxR2i13612R3R27R5R35R6tgoR0y20:assets%2Flevel17.tmxR2i18769R3R27R5R36R6tgoR0y20:assets%2Flevel18.tmxR2i25380R3R27R5R37R6tgoR0y20:assets%2Flevel19.tmxR2i30748R3R27R5R38R6tgoR0y19:assets%2Flevel2.tmxR2i7664R3R27R5R39R6tgoR0y20:assets%2Flevel20.tmxR2i62570R3R27R5R40R6tgoR0y19:assets%2Flevel3.tmxR2i10099R3R27R5R41R6tgoR0y19:assets%2Flevel4.tmxR2i15340R3R27R5R42R6tgoR0y19:assets%2Flevel5.tmxR2i11042R3R27R5R43R6tgoR0y19:assets%2Flevel6.tmxR2i15302R3R27R5R44R6tgoR0y19:assets%2Flevel7.tmxR2i11173R3R27R5R45R6tgoR0y19:assets%2Flevel8.tmxR2i10586R3R27R5R46R6tgoR0y19:assets%2Flevel9.tmxR2i16514R3R27R5R47R6tgoR0y19:assets%2Flocked.pngR2i7130R3R4R5R48R6tgoR0y25:assets%2Fmaps%2Ftiles.pngR2i165835R3R4R5R49R6tgoR0y28:assets%2Fmaps%2Funtitled.tmxR2i321R3R27R5R50R6tgoR2i8360R3R8R5y19:assets%2FpickUp.oggR10aR51hR6tgoR0y22:assets%2Fprincess.jsonR2i913R3R27R5R52R6tgoR0y21:assets%2Fprincess.pngR2i8977R3R4R5R53R6tgoR0y20:assets%2Frestart.pngR2i5260R3R4R5R54R6tgoR0y19:assets%2Fscroll.pngR2i4916R3R4R5R55R6tgoR0y21:assets%2Fselected.pngR2i8036R3R4R5R56R6tgoR0y22:assets%2Fslingshot.pngR2i456R3R4R5R57R6tgoR2i16798R3y5:MUSICR5y27:assets%2FslingshotShoot.mp3R10aR59y27:assets%2FslingshotShoot.ogghR6tgoR2i14498R3R8R5R60R10aR59R60hgoR0y22:assets%2FswitchOff.pngR2i22478R3R4R5R61R6tgoR0y21:assets%2FswitchOn.pngR2i18444R3R4R5R62R6tgoR0y18:assets%2Ftiles.pngR2i165835R3R4R5R63R6tgoR0y23:assets%2Funselected.pngR2i7722R3R4R5R64R6tgoR0y21:assets%2Funtitled.tmxR2i321R3R27R5R65R6tgoR2i2114R3R58R5y26:flixel%2Fsounds%2Fbeep.mp3R10aR66y26:flixel%2Fsounds%2Fbeep.ogghR6tgoR2i39706R3R58R5y28:flixel%2Fsounds%2Fflixel.mp3R10aR68y28:flixel%2Fsounds%2Fflixel.ogghR6tgoR2i5794R3R8R5R67R10aR66R67hgoR2i33629R3R8R5R69R10aR68R69hgoR2i15744R3y4:FONTy9:classNamey35:__ASSET__flixel_fonts_nokiafc22_ttfR5y30:flixel%2Ffonts%2Fnokiafc22.ttfR6tgoR2i29724R3R70R71y36:__ASSET__flixel_fonts_monsterrat_ttfR5y31:flixel%2Ffonts%2Fmonsterrat.ttfR6tgoR0y33:flixel%2Fimages%2Fui%2Fbutton.pngR2i519R3R4R5R76R6tgoR0y36:flixel%2Fimages%2Flogo%2Fdefault.pngR2i3280R3R4R5R77R6tgoR0y34:flixel%2Fflixel-ui%2Fimg%2Fbox.pngR2i912R3R4R5R78R6tgoR0y37:flixel%2Fflixel-ui%2Fimg%2Fbutton.pngR2i433R3R4R5R79R6tgoR0y48:flixel%2Fflixel-ui%2Fimg%2Fbutton_arrow_down.pngR2i446R3R4R5R80R6tgoR0y48:flixel%2Fflixel-ui%2Fimg%2Fbutton_arrow_left.pngR2i459R3R4R5R81R6tgoR0y49:flixel%2Fflixel-ui%2Fimg%2Fbutton_arrow_right.pngR2i511R3R4R5R82R6tgoR0y46:flixel%2Fflixel-ui%2Fimg%2Fbutton_arrow_up.pngR2i493R3R4R5R83R6tgoR0y42:flixel%2Fflixel-ui%2Fimg%2Fbutton_thin.pngR2i247R3R4R5R84R6tgoR0y44:flixel%2Fflixel-ui%2Fimg%2Fbutton_toggle.pngR2i534R3R4R5R85R6tgoR0y40:flixel%2Fflixel-ui%2Fimg%2Fcheck_box.pngR2i922R3R4R5R86R6tgoR0y41:flixel%2Fflixel-ui%2Fimg%2Fcheck_mark.pngR2i946R3R4R5R87R6tgoR0y37:flixel%2Fflixel-ui%2Fimg%2Fchrome.pngR2i253R3R4R5R88R6tgoR0y42:flixel%2Fflixel-ui%2Fimg%2Fchrome_flat.pngR2i212R3R4R5R89R6tgoR0y43:flixel%2Fflixel-ui%2Fimg%2Fchrome_inset.pngR2i192R3R4R5R90R6tgoR0y43:flixel%2Fflixel-ui%2Fimg%2Fchrome_light.pngR2i214R3R4R5R91R6tgoR0y44:flixel%2Fflixel-ui%2Fimg%2Fdropdown_mark.pngR2i156R3R4R5R92R6tgoR0y41:flixel%2Fflixel-ui%2Fimg%2Ffinger_big.pngR2i1724R3R4R5R93R6tgoR0y43:flixel%2Fflixel-ui%2Fimg%2Ffinger_small.pngR2i294R3R4R5R94R6tgoR0y38:flixel%2Fflixel-ui%2Fimg%2Fhilight.pngR2i129R3R4R5R95R6tgoR0y36:flixel%2Fflixel-ui%2Fimg%2Finvis.pngR2i128R3R4R5R96R6tgoR0y41:flixel%2Fflixel-ui%2Fimg%2Fminus_mark.pngR2i136R3R4R5R97R6tgoR0y40:flixel%2Fflixel-ui%2Fimg%2Fplus_mark.pngR2i147R3R4R5R98R6tgoR0y36:flixel%2Fflixel-ui%2Fimg%2Fradio.pngR2i191R3R4R5R99R6tgoR0y40:flixel%2Fflixel-ui%2Fimg%2Fradio_dot.pngR2i153R3R4R5R100R6tgoR0y37:flixel%2Fflixel-ui%2Fimg%2Fswatch.pngR2i185R3R4R5R101R6tgoR0y34:flixel%2Fflixel-ui%2Fimg%2Ftab.pngR2i201R3R4R5R102R6tgoR0y39:flixel%2Fflixel-ui%2Fimg%2Ftab_back.pngR2i210R3R4R5R103R6tgoR0y44:flixel%2Fflixel-ui%2Fimg%2Ftooltip_arrow.pngR2i18509R3R4R5R104R6tgoR0y39:flixel%2Fflixel-ui%2Fxml%2Fdefaults.xmlR2i1263R3R27R5R105R6tgoR0y53:flixel%2Fflixel-ui%2Fxml%2Fdefault_loading_screen.xmlR2i1953R3R27R5R106R6tgoR0y44:flixel%2Fflixel-ui%2Fxml%2Fdefault_popup.xmlR2i1848R3R27R5R107R6tgh","version":2,"libraryArgs":[],"libraryType":null}